Id,Label
"Andelson, Pearl","Andelson, Pearl"
"Garnett, Louise Ayres","Garnett, Louise Ayres"
Wang Wei,Wang Wei
"Purdon, Arthur","Purdon, Arthur"
"Greenhood, David","Greenhood, David"
"Laurencin, Marie","Laurencin, Marie"
"Masters, Edgar Lee","Masters, Edgar Lee"
"Twitchell, Anna Spencer","Twitchell, Anna Spencer"
"Reed, John","Reed, John"
"Anderson, Margaret C.","Anderson, Margaret C."
"Stone, Lee A.","Stone, Lee A."
"Davis, F. Guy","Davis, F. Guy"
"Holden, Raymond","Holden, Raymond"
"Dudley, Dorothy","Dudley, Dorothy"
"D'Orge, Jeanne","D'Orge, Jeanne"
"Aldis, Mary","Aldis, Mary"
"Conkling, Grace Hazard","Conkling, Grace Hazard"
"Bryant, Louise","Bryant, Louise"
"Scollard, Clinton","Scollard, Clinton"
"Fletcher, John Gould","Fletcher, John Gould"
"Shanks, E. Buxton","Shanks, E. Buxton"
"Dawson, Mitchell","Dawson, Mitchell"
"Selva, Salomón de la","Selva, Salomón de la"
"De Gourmont, Remy","De Gourmont, Remy"
"Winters, A. Y.","Winters, A. Y."
A. S.,A. S.
"Ridge, Lola","Ridge, Lola"
"Loy, Mina","Loy, Mina"
"Crawford, Nelson Antrim","Crawford, Nelson Antrim"
"Towne, Charles Hanson","Towne, Charles Hanson"
"Long, Lily A.","Long, Lily A."
"Kaun, Alexander S.","Kaun, Alexander S."
A. E.,A. E.
"Buzzell, Francis","Buzzell, Francis"
"Arnold, Matthew","Arnold, Matthew"
"Robinson, Eloise","Robinson, Eloise"
"Zorach, William","Zorach, William"
"Widdemer, Margaret","Widdemer, Margaret"
"Comfort, Will Levington","Comfort, Will Levington"
"Taggard, Genevieve","Taggard, Genevieve"
"Bynner, Witter","Bynner, Witter"
"Cromwell, Gladys","Cromwell, Gladys"
"Puteklis, Louis","Puteklis, Louis"
"Kiang Kang-Hu, S. C.","Kiang Kang-Hu, S. C."
R.,R.
"Catel, Jean","Catel, Jean"
"Colum, Padraic","Colum, Padraic"
"Roberts, Elizabeth Madox","Roberts, Elizabeth Madox"
"Lesemann, Maurice","Lesemann, Maurice"
"Fischer, Raymond P.","Fischer, Raymond P."
"Unna, Sarah","Unna, Sarah"
"Hunt, Violet","Hunt, Violet"
"Nicholl, Louise Townsend","Nicholl, Louise Townsend"
"Glaenzer, Richard Butler","Glaenzer, Richard Butler"
"Swawite, Marguerite","Swawite, Marguerite"
"Jones, Llewellyn","Jones, Llewellyn"
"Yeats, William Butler","Yeats, William Butler"
"Currey, Margery","Currey, Margery"
"Peyton, John R. C.","Peyton, John R. C."
"De Bosschere, Jean","De Bosschere, Jean"
"Carman, Bliss","Carman, Bliss"
"Bodenheim, Maxwell","Bodenheim, Maxwell"
"Campbell, Joseph","Campbell, Joseph"
"Rosenthal, A. A.","Rosenthal, A. A."
"Bryher, W.","Bryher, W."
Li Po,Li Po
M. H. P.,M. H. P.
"Brandes, George","Brandes, George"
"York, Virginia","York, Virginia"
M. C. A.,M. C. A.
"Holley, Horace","Holley, Horace"
"Joyce, James","Joyce, James"
"Driscoll, Louise","Driscoll, Louise"
Anonymous,Anonymous
"Johns, Orrick","Johns, Orrick"
"Wilkinson, Marguerite","Wilkinson, Marguerite"
"Conkling, Hilda","Conkling, Hilda"
M. B.,M. B.
"Rivola, Flora Shufelt","Rivola, Flora Shufelt"
"Cocteau, Jean","Cocteau, Jean"
"Stein, Gertrude","Stein, Gertrude"
"Geddes, Virgil","Geddes, Virgil"
"Henderson, Alice Corbin","Henderson, Alice Corbin"
"Powys, John Cowper","Powys, John Cowper"
"Speyer, Leonora","Speyer, Leonora"
"Sherry, Laura","Sherry, Laura"
"Benét, William Rose","Benét, William Rose"
"Flexner, Hortense","Flexner, Hortense"
"Josephson, Matthew","Josephson, Matthew"
"Mixter, Florence Kilpatrick","Mixter, Florence Kilpatrick"
"Nietzsche, Friedrich","Nietzsche, Friedrich"
A. S. K.,A. S. K.
"Aiken, Conrad","Aiken, Conrad"
"Sitwell, Osbert","Sitwell, Osbert"
"Howard, Katherine","Howard, Katherine"
"De Bosschère, Jean","De Bosschère, Jean"
"Fox, Moireen","Fox, Moireen"
"Laforgue, Jules","Laforgue, Jules"
"Hoyt, Helen","Hoyt, Helen"
"Eddy, Lucy","Eddy, Lucy"
"Mastin, Florence Ripley","Mastin, Florence Ripley"
N. A. C.,N. A. C.
"Murphy, Charles R.","Murphy, Charles R."
"Iris, Scharmel","Iris, Scharmel"
"Knopf, Alfred A.","Knopf, Alfred A."
"Brody, Alter","Brody, Alter"
"Sabel, Marx G.","Sabel, Marx G."
"Crane, Hart","Crane, Hart"
"Corbin, Alice","Corbin, Alice"
"Anderson, Margaret","Anderson, Margaret"
"Simpson, William H.","Simpson, William H."
"Dresbach, Glenn Ward","Dresbach, Glenn Ward"
"Hutchinson, Eugene","Hutchinson, Eugene"
"Schuchert, Herman","Schuchert, Herman"
"McCarthy, John Russell","McCarthy, John Russell"
"Bell, Clive","Bell, Clive"
"Untermeyer, Louis","Untermeyer, Louis"
"Piper, Edwin Ford","Piper, Edwin Ford"
H. D.,H. D.
"Jennings, Leslie Nelson","Jennings, Leslie Nelson"
"Buss, Kate","Buss, Kate"
"Foster, George Burman","Foster, George Burman"
H. B. F.,H. B. F.
"Reiss, Robert","Reiss, Robert"
"Bauer, Harold","Bauer, Harold"
"Iverson, Sade","Iverson, Sade"
"Loving, Pierre","Loving, Pierre"
"Johnson, Fenton","Johnson, Fenton"
"Kohen, Esther","Kohen, Esther"
"Bellamann, Henry","Bellamann, Henry"
"Marks, Jeannette","Marks, Jeannette"
"Tagore, Rabindranath","Tagore, Rabindranath"
"Waldron, Winifred","Waldron, Winifred"
"von Freytag-Loringhoven, Else","von Freytag-Loringhoven, Else"
"Birch, Helen Louise","Birch, Helen Louise"
"Boyle, Kay","Boyle, Kay"
"Ravenel, Beatrice","Ravenel, Beatrice"
"Campbell, Nancy","Campbell, Nancy"
"Monroe, Harriet","Monroe, Harriet"
"Wescott, Glenway","Wescott, Glenway"
"Shanafelt, Clara","Shanafelt, Clara"
"Richardson, Dorothy","Richardson, Dorothy"
Anon.,Anon.
Man Ray,Man Ray
"Jesson, Frederick Shea","Jesson, Frederick Shea"
R. G.,R. G.
"Robinson, Edwin Arlington","Robinson, Edwin Arlington"
"Davies, Mary Carolyn","Davies, Mary Carolyn"
"Kreymborg, Alfred","Kreymborg, Alfred"
"Baker, Karle Wilson","Baker, Karle Wilson"
"Stuart, Muriel","Stuart, Muriel"
E. P.,E. P.
"Groff, Alice","Groff, Alice"
"Schnack, Fritz","Schnack, Fritz"
"Rilke, Rainer Maria","Rilke, Rainer Maria"
"Hall, Hazel","Hall, Hazel"
"Jepson, Edgar","Jepson, Edgar"
"Lawrence, D. H.","Lawrence, D. H."
"Webb, Winifred","Webb, Winifred"
"Hueffer, Ford Madox","Hueffer, Ford Madox"
"Patterson, Antoinette DeCoursey","Patterson, Antoinette DeCoursey"
"Golding, Louis","Golding, Louis"
"McCluskey, Katherine Wisner","McCluskey, Katherine Wisner"
A. F.,A. F.
"Wood, Clement","Wood, Clement"
"Simon, Anne","Simon, Anne"
"Cook, Harold","Cook, Harold"
"Roth, Samuel","Roth, Samuel"
"Gould, Wallace","Gould, Wallace"
"Shaw, Frances","Shaw, Frances"
"Heller, Helen West","Heller, Helen West"
"Freer, Agnes Lee","Freer, Agnes Lee"
"Gordon, Frank S.","Gordon, Frank S."
"Eliot, T. S.","Eliot, T. S."
C. A. Z.,C. A. Z.
"Stevens, Thomas Wood","Stevens, Thomas Wood"
"Maeterlinck, Maurice","Maeterlinck, Maurice"
"Wilkinson, Florence","Wilkinson, Florence"
"Weaver, John V. A.","Weaver, John V. A."
"Curran, Edwin","Curran, Edwin"
"Rhys, Ernest","Rhys, Ernest"
"Picabia, Francis","Picabia, Francis"
"Szukalski, Stanislaw","Szukalski, Stanislaw"
"Gilbert, Morris","Gilbert, Morris"
"Wolff, Adolf","Wolff, Adolf"
"Rosenberg, Isaac","Rosenberg, Isaac"
"Teasdale, Sara","Teasdale, Sara"
"Waley, Arthur","Waley, Arthur"
"Lee, Muna","Lee, Muna"
M. M.,M. M.
"Barnes, Djuna","Barnes, Djuna"
G. S.,G. S.
"Lowell, Amy","Lowell, Amy"
"De la Mare, Walter","De la Mare, Walter"
"Dell, Floyd","Dell, Floyd"
"Apollinaire, Guillaume","Apollinaire, Guillaume"
"Thorp, N. Howard","Thorp, N. Howard"
"Davis, H. L.","Davis, H. L."
"Alvord, James Church","Alvord, James Church"
"Birch-Bartlett, Helen","Birch-Bartlett, Helen"
"Sanders, Abel","Sanders, Abel"
"Fitch, Anita","Fitch, Anita"
"Long, Haniel","Long, Haniel"
"Michelson, Max","Michelson, Max"
"Wilde, Oscar","Wilde, Oscar"
"Lee, Agnes","Lee, Agnes"
"Laird, William","Laird, William"
"Flint, F. S.","Flint, F. S."
"Norton, Grace Fallow","Norton, Grace Fallow"
"Strobel, Marion","Strobel, Marion"
The Scavenger',The Scavenger'
"Lindsay, Nicholas Vachel","Lindsay, Nicholas Vachel"
"Zaturensky, Marya","Zaturensky, Marya"
"Deutsch, Babette","Deutsch, Babette"
"Barry, Iris","Barry, Iris"
"Seiffert, Marjorie Allen","Seiffert, Marjorie Allen"
"Stewart, H. W.","Stewart, H. W."
"Trench, Herbert","Trench, Herbert"
"Bellamann, H. H.","Bellamann, H. H."
S. H. G.,S. H. G.
"Barrett, Wilton Agnew","Barrett, Wilton Agnew"
C. Z.,C. Z.
"Wickham, Anna","Wickham, Anna"
"Zwaska, Charles","Zwaska, Charles"
"Sandburg, Carl","Sandburg, Carl"
D. C. W.,D. C. W.
"Stork, Charles Wharton","Stork, Charles Wharton"
"Reiss, R.","Reiss, R."
"Dean, Harriet","Dean, Harriet"
"Wheelock, John Hall","Wheelock, John Hall"
"Hudson, Stephen","Hudson, Stephen"
"Wells, H. G.","Wells, H. G."
"Starbuck, Victor","Starbuck, Victor"
"Fenollosa, Ernest","Fenollosa, Ernest"
"Nichols, Robert","Nichols, Robert"
"Colahan, Ellwood","Colahan, Ellwood"
"Beach, Joseph Warren","Beach, Joseph Warren"
"Gibson, Wilfrid Wilson","Gibson, Wilfrid Wilson"
"O'Donnell, Charles L.","O'Donnell, Charles L."
"Meeker, Marjorie","Meeker, Marjorie"
"Phelps, Arthur L.","Phelps, Arthur L."
"Galahad, Joseph Andrew","Galahad, Joseph Andrew"
"Dhone, Illiam","Dhone, Illiam"
"Winthrop, Arthur","Winthrop, Arthur"
"Rodker, John","Rodker, John"
"Gabirol, Ibn","Gabirol, Ibn"
"Stevens, Wallace","Stevens, Wallace"
"Damon, S. Foster","Damon, S. Foster"
"Williams, William Carlos","Williams, William Carlos"
"Fujita, Jun","Fujita, Jun"
"Cannell, Skipwith","Cannell, Skipwith"
"Aldington, Richard","Aldington, Richard"
"O'Neil, David","O'Neil, David"
"Macdougall, Allan Ross","Macdougall, Allan Ross"
"North, Jessica Nelson","North, Jessica Nelson"
"Daniel, Arnaut","Daniel, Arnaut"
F. E. R.,F. E. R.
"Wattles, Willard","Wattles, Willard"
"Upward, Allen","Upward, Allen"
"Hartley, Marsden","Hartley, Marsden"
"Austin, Mary","Austin, Mary"
"Millay, Edna St. Vincent","Millay, Edna St. Vincent"
"Monro, Harold","Monro, Harold"
"Untermeyer, Jean Starr","Untermeyer, Jean Starr"
"Torrence, Ridgely","Torrence, Ridgely"
"Pound, Ezra","Pound, Ezra"
"Tagore, Rabindra Nath","Tagore, Rabindra Nath"
"Walton, Eda Lou","Walton, Eda Lou"
"Tietjens, Eunice","Tietjens, Eunice"
"Kenton, Edna","Kenton, Edna"
"Frost, Robert","Frost, Robert"
"Sapir, Edward","Sapir, Edward"
"Carnevali, Emanuel","Carnevali, Emanuel"
"Sinclair, May","Sinclair, May"
"Fitzgerald, Ellen","Fitzgerald, Ellen"
"Goethe, Johann Wolfgang","Goethe, Johann Wolfgang"
"Hagedorn, Hermann","Hagedorn, Hermann"
Po Chu-I,Po Chu-I
"Hitch, Alfred","Hitch, Alfred"
"Carter, Huntley","Carter, Huntley"
"Soule, George","Soule, George"
"Patterson, Antoinette De Coursey","Patterson, Antoinette De Coursey"
"Heyward, DuBose","Heyward, DuBose"
"Dudley, Helen","Dudley, Helen"
"O'Brien, Edward J.","O'Brien, Edward J."
"Jones, Howard Mumford","Jones, Howard Mumford"
"Livesay, Florence Randal","Livesay, Florence Randal"
"Wyatt, Edith","Wyatt, Edith"
"Cowley, Malcolm","Cowley, Malcolm"
"Ciolkowska, Muriel","Ciolkowska, Muriel"
"Smith, Clark Ashton","Smith, Clark Ashton"
"Head, Cloyd","Head, Cloyd"
"Akins, Zoë","Akins, Zoë"
"Aber, Loureine","Aber, Loureine"
"Frank, Florence Kiper","Frank, Florence Kiper"
"Davis, Fannie Stearns","Davis, Fannie Stearns"
"Brooke, Rupert","Brooke, Rupert"
"Whitman, Walt","Whitman, Walt"
"Sarett, Lew","Sarett, Lew"
"Knevels, Mary Eastwood","Knevels, Mary Eastwood"
"Cowan, Sada","Cowan, Sada"
"Bishop, Morris","Bishop, Morris"
"Anderson, Sherwood","Anderson, Sherwood"
"McNaught, Elmond Franklin","McNaught, Elmond Franklin"
"Grudin, Louis","Grudin, Louis"
"Bernhard, Svea","Bernhard, Svea"
"Brownell, Baker","Brownell, Baker"
"Gilmore, Louis","Gilmore, Louis"
"Dodd, Lee Wilson","Dodd, Lee Wilson"
"Scott, Evelyn","Scott, Evelyn"
K.,K.
"Updegraff, Allan","Updegraff, Allan"
"McClure, John","McClure, John"
"Tanner, Allan","Tanner, Allan"
"Broadus, Edmund Kemper","Broadus, Edmund Kemper"
"Dismorr, Jessie","Dismorr, Jessie"
"Boogher, Susan M.","Boogher, Susan M."
"Rich, H. Thompson","Rich, H. Thompson"
"Roe, Robert J.","Roe, Robert J."
"Kilmer, Aline","Kilmer, Aline"
"Turbyfill, Mark","Turbyfill, Mark"
M. A. S.,M. A. S.
"Sell, Henry Blackman","Sell, Henry Blackman"
"Lampman, Rex","Lampman, Rex"
"Stephens, James","Stephens, James"
"Chenery, William L.","Chenery, William L."
"Symons, Arthur","Symons, Arthur"
"Ficke, Arthur Davison","Ficke, Arthur Davison"
"Drinkwater, John","Drinkwater, John"
"Williams, Oscar","Williams, Oscar"
"Lewis, Wyndham","Lewis, Wyndham"
"Solon, Israel","Solon, Israel"
jh,jh
"von Freytag-Loringhoven, Else (Baroness)","von Freytag-Loringhoven, Else (Baroness)"
"Fuller, Henry B.","Fuller, Henry B."
"Bangs, Janet Norris","Bangs, Janet Norris"
"Sanborn, Robert Alden","Sanborn, Robert Alden"
"Sanders, Emmy Veronica","Sanders, Emmy Veronica"
"Redfield, Louise","Redfield, Louise"
"Browne, Maurice","Browne, Maurice"
"Syrian, Ajan","Syrian, Ajan"
"Snow, Royall","Snow, Royall"
"Carr, Daphne","Carr, Daphne"
"Cann, Louise Gebhard","Cann, Louise Gebhard"
"Rimbaud, Arthur","Rimbaud, Arthur"
"Wilenski, Reginald H.","Wilenski, Reginald H."
"Rolland, Romain","Rolland, Romain"
E. T.,E. T.
"Ashleigh, Charles","Ashleigh, Charles"
"Hunt, Richard","Hunt, Richard"
"Saphier, William","Saphier, William"
"Kandinsky, Wassily","Kandinsky, Wassily"
"Tzara, Tristan","Tzara, Tristan"
"De Braila, Lupo","De Braila, Lupo"
"Cournos, John","Cournos, John"
"Winters, Yvor","Winters, Yvor"
"Goldring, Douglas","Goldring, Douglas"
"Ryan, Kathryn White","Ryan, Kathryn White"
"Skinner, Constance Lindsay","Skinner, Constance Lindsay"
"Butts, Mary","Butts, Mary"
"Morton, David","Morton, David"
"Goldman, Emma","Goldman, Emma"
"Burke, Kenneth","Burke, Kenneth"
"Cawein, Madison","Cawein, Madison"
"Kilmer, Joyce","Kilmer, Joyce"
"McAlmon, Robert","McAlmon, Robert"
"Griffith, William","Griffith, William"
H. H.,H. H.
"Schneider, Isidor","Schneider, Isidor"
"Lindsay, Vachel","Lindsay, Vachel"
Sasaki,Sasaki
"Stearns, Mary Adams","Stearns, Mary Adams"
"Cheyne, Elizabeth Gibson","Cheyne, Elizabeth Gibson"
"Pinckney, Josephine","Pinckney, Josephine"
"Butler, Samuel","Butler, Samuel"
"Tanaquil, Paul","Tanaquil, Paul"
"Manning, Frederic","Manning, Frederic"
"Wing, DeWitt C.","Wing, DeWitt C."
"Hecht, Ben","Hecht, Ben"
