Id,Label,d0
ANDREW GRAVES,ANDREW GRAVES,Person
PAUL TELLER,PAUL TELLER,Person
DAVID S. CORDISH,DAVID S. CORDISH,Person
CUI TIANKAI,CUI TIANKAI,Person
NIR EREL MARGALIT,NIR EREL MARGALIT,Person
HOPE HICKS,HOPE HICKS,Person
ANDREW D. KOENIG,ANDREW D. KOENIG,Person
JOEL HIRSCH,JOEL HIRSCH,Person
JOSEPH LAI,JOSEPH LAI,Person
KENNETH M. DUBERSTEIN,KENNETH M. DUBERSTEIN,Person
CATHY SOLOMON,CATHY SOLOMON,Person
DEBBIE BERMAN,DEBBIE BERMAN,Person
NOEL FRANCISCO,NOEL FRANCISCO,Person
CHARLES G. KOCH,CHARLES G. KOCH,Person
CYNTHIA HIRSCH,CYNTHIA HIRSCH,Person
NIKKI HALEY,NIKKI HALEY,Person
CHRISTIE TODD WHITMAN,CHRISTIE TODD WHITMAN,Person
YURI MILNER,YURI MILNER,Person
JOHN DESTEFANO,JOHN DESTEFANO,Person
CHLOE MURDOCH,CHLOE MURDOCH,Person
FREDERICK RUSTMANN,FREDERICK RUSTMANN,Person
JEFFREY WEISS,JEFFREY WEISS,Person
SCOTT GAST,SCOTT GAST,Person
MYRNA HAFT,MYRNA HAFT,Person
BENY STEINMETZ,BENY STEINMETZ,Person
LEE EICKMEYER,LEE EICKMEYER,Person
BRAD PARSCALE,BRAD PARSCALE,Person
STEPHEN VADEN,STEPHEN VADEN,Person
CARLOS DIAZ-ROSILLO,CARLOS DIAZ-ROSILLO,Person
MATTHEW CALAMAN,MATTHEW CALAMAN,Person
SHERI A. DILLON,SHERI A. DILLON,Person
PETER THIEL,PETER THIEL,Person
KENNETH W. O'KEEFE,KENNETH W. O'KEEFE,Person
MINA PATEL,MINA PATEL,Person
KAZUNORI OHTSUKA,KAZUNORI OHTSUKA,Person
KEITH SCHILLER,KEITH SCHILLER,Person
JONATHAN MECHANIC,JONATHAN MECHANIC,Person
SERHIY LYOVOCHKIN,SERHIY LYOVOCHKIN,Person
LLOYD MILLER,LLOYD MILLER,Person
MARYANNE TRUMP BARRY,MARYANNE TRUMP BARRY,Person
JOEL I. KLEIN,JOEL I. KLEIN,Person
ZIYA MAMMADOV,ZIYA MAMMADOV,Person
GARY COHN,GARY COHN,Person
WILLIAM OBERNDORF,WILLIAM OBERNDORF,Person
JILL MARTIN,JILL MARTIN,Person
ANTHONY SCARAMUCCI,ANTHONY SCARAMUCCI,Person
ROBERT A. IGER,ROBERT A. IGER,Person
ALEXANDER GRAY,ALEXANDER GRAY,Person
BRUCE E. TOLL,BRUCE E. TOLL,Person
CESAR CONDE,CESAR CONDE,Person
JOHN DELL SAUTER,JOHN DELL SAUTER,Person
REBEKAH MERCER,REBEKAH MERCER,Person
RUDY GIULIANI,RUDY GIULIANI,Person
ALAN HAMMER,ALAN HAMMER,Person
MARY T. BARRA,MARY T. BARRA,Person
MARK HOLLOWAY,MARK HOLLOWAY,Person
DOUGLAS DURBANO,DOUGLAS DURBANO,Person
RUPERT MURDOCH,RUPERT MURDOCH,Person
SALLY PRIEBUS,SALLY PRIEBUS,Person
SCOTT WALKER,SCOTT WALKER,Person
ZHUO RAN,ZHUO RAN,Person
MARK STEVEN KIRK,MARK STEVEN KIRK,Person
MITCHELL QUAIN,MITCHELL QUAIN,Person
JULIAN ASSANGE,JULIAN ASSANGE,Person
JILL GILES,JILL GILES,Person
ALBERT ROSS SR.,ALBERT ROSS SR.,Person
DARRYLE BURNHAM,DARRYLE BURNHAM,Person
ROD BLUM,ROD BLUM,Person
SEBASTIAN GORKA,SEBASTIAN GORKA,Person
LI KA-SHING,LI KA-SHING,Person
CHARLES A. MOHLER,CHARLES A. MOHLER,Person
SHAUN CAIN,SHAUN CAIN,Person
"RICHARD MARVIN ""DICK"" DEVOS JR.","RICHARD MARVIN ""DICK"" DEVOS JR.",Person
JONATHAN SPITALNY,JONATHAN SPITALNY,Person
MIKE PENCE,MIKE PENCE,Person
SHARON QUAIN,SHARON QUAIN,Person
DEANNE HUTCHINSON,DEANNE HUTCHINSON,Person
STRAUSS ZELNICK,STRAUSS ZELNICK,Person
FABIEN BAUSSART,FABIEN BAUSSART,Person
MARCO RUBIO,MARCO RUBIO,Person
LINDA BEAN,LINDA BEAN,Person
YOSHIO MATSUURA,YOSHIO MATSUURA,Person
JOHN FLEMING,JOHN FLEMING,Person
EDWARD M. BURKE,EDWARD M. BURKE,Person
JUDITH WEISS,JUDITH WEISS,Person
THOMAS JOSEPH ROONEY,THOMAS JOSEPH ROONEY,Person
CINDY SITES,CINDY SITES,Person
THOMAS EDWIN JUNIOR DUPAR,THOMAS EDWIN JUNIOR DUPAR,Person
ANTHONY W. PARKER,ANTHONY W. PARKER,Person
BRENDA AXELROD,BRENDA AXELROD,Person
TONY TIAH THEE KIAN,TONY TIAH THEE KIAN,Person
STEVEN MNUCHIN,STEVEN MNUCHIN,Person
RICARDO HAZOURY,RICARDO HAZOURY,Person
JOHN COLAMARINO,JOHN COLAMARINO,Person
RICHARD SALTZMAN,RICHARD SALTZMAN,Person
BENJAMIN NETANYAHU,BENJAMIN NETANYAHU,Person
JOHN CORYN,JOHN CORYN,Person
RICHARD LEFRAK,RICHARD LEFRAK,Person
SIMON ISAACS,SIMON ISAACS,Person
STEPHEN MUNISTERI,STEPHEN MUNISTERI,Person
JAMES SCHULTZ,JAMES SCHULTZ,Person
NICK AYERS,NICK AYERS,Person
STEVE KING,STEVE KING,Person
TONY CHARLES SOLE,TONY CHARLES SOLE,Person
GERRIT LANSING,GERRIT LANSING,Person
JACK MA,JACK MA,Person
ERIC TRUMP,ERIC TRUMP,Person
CINDY SIMMS,CINDY SIMMS,Person
RICHARD GOETTLICH,RICHARD GOETTLICH,Person
DON MCGAHN,DON MCGAHN,Person
PATRICIA LEVESQUE,PATRICIA LEVESQUE,Person
ARRON BANKS,ARRON BANKS,Person
MARC LOTTER,MARC LOTTER,Person
ANDY PUZDER,ANDY PUZDER,Person
HAROLD G. HAMM,HAROLD G. HAMM,Person
JORGE LEIS,JORGE LEIS,Person
CHARLES COLLETTA,CHARLES COLLETTA,Person
JESSICA DITTO,JESSICA DITTO,Person
KIMIO NAKAMURA,KIMIO NAKAMURA,Person
MARC SHORT,MARC SHORT,Person
SERGEY I. KISLYAK,SERGEY I. KISLYAK,Person
RANDI LANE,RANDI LANE,Person
CATHERINE BRAY GRIFFITH,CATHERINE BRAY GRIFFITH,Person
RAZ STEINMETZ,RAZ STEINMETZ,Person
JAN SCHECK,JAN SCHECK,Person
IAIN MAURY CAMPBELL MEIKLEJOHN,IAIN MAURY CAMPBELL MEIKLEJOHN,Person
BERND LEMBCKE,BERND LEMBCKE,Person
JT FOXX,JT FOXX,Person
THOMAS HUTCHINSON,THOMAS HUTCHINSON,Person
ELVIRA KUDRYASHOVA,ELVIRA KUDRYASHOVA,Person
IRA SCHNEIDER,IRA SCHNEIDER,Person
CHRISTINE CHAO,CHRISTINE CHAO,Person
GEORGE T. CONWAY III,GEORGE T. CONWAY III,Person
CHARLES R. SCHWAB,CHARLES R. SCHWAB,Person
JOHN TALBOTT,JOHN TALBOTT,Person
GARY PALMER,GARY PALMER,Person
ALEX SHNAIDER,ALEX SHNAIDER,Person
STEWART SELBIE,STEWART SELBIE,Person
VICTOR HEGGELMAN,VICTOR HEGGELMAN,Person
STEPHEN BANNON,STEPHEN BANNON,Person
LYNNE M PATTON,LYNNE M PATTON,Person
JOHN GRAY,JOHN GRAY,Person
CARLOS ARREDONDO,CARLOS ARREDONDO,Person
EDWARD LAMPERT,EDWARD LAMPERT,Person
MARTY OBST,MARTY OBST,Person
JAMES S.C. CHAO,JAMES S.C. CHAO,Person
"WALTER J. ""JAY"" CLAYTON III","WALTER J. ""JAY"" CLAYTON III",Person
MIKIYASU KAYANUMA,MIKIYASU KAYANUMA,Person
ALEXANDER NIX,ALEXANDER NIX,Person
ROGER KHAFIF,ROGER KHAFIF,Person
PAUL WINFREE,PAUL WINFREE,Person
BERNIE MARCUS,BERNIE MARCUS,Person
THOMAS PETERFFY,THOMAS PETERFFY,Person
YURY ZAYTSEV,YURY ZAYTSEV,Person
JACK WEISSELBERG,JACK WEISSELBERG,Person
XI JINPING,XI JINPING,Person
NOELLE NIKPOUR,NOELLE NIKPOUR,Person
BORIS EPSHTEYN,BORIS EPSHTEYN,Person
JOHN GORE,JOHN GORE,Person
STEVE TATHAM,STEVE TATHAM,Person
TOSHIO KABAYASHI,TOSHIO KABAYASHI,Person
BETHANY SCULLY,BETHANY SCULLY,Person
IKE PERLMUTTER,IKE PERLMUTTER,Person
CHARLES KUSHNER,CHARLES KUSHNER,Person
BOB DOLE,BOB DOLE,Person
STEVEN ROTH,STEVEN ROTH,Person
ANAR MAMMADOV,ANAR MAMMADOV,Person
VIKTOR KHRAPUNOV,VIKTOR KHRAPUNOV,Person
RECEP TAYYIP ERDOGAN,RECEP TAYYIP ERDOGAN,Person
BEN CARSON,BEN CARSON,Person
DMYTRO FIRTASH,DMYTRO FIRTASH,Person
PAM MULVANEY,PAM MULVANEY,Person
ROBERT LEE SCOTT,ROBERT LEE SCOTT,Person
ALAN GARTEN,ALAN GARTEN,Person
URS LEDERMANN,URS LEDERMANN,Person
GEORGE GIGICOS,GEORGE GIGICOS,Person
HUSSAIN ALI SAJWANI,HUSSAIN ALI SAJWANI,Person
MITCH MCCONNELL,MITCH MCCONNELL,Person
OMAROSÉ ONEE MANIGAULT,OMAROSÉ ONEE MANIGAULT,Person
JOHN SHALAM,JOHN SHALAM,Person
MICK MULVANEY,MICK MULVANEY,Person
FRANK TORRICELLI,FRANK TORRICELLI,Person
SUSAN KAPLAN,SUSAN KAPLAN,Person
MADELEINE WESTERHOUT,MADELEINE WESTERHOUT,Person
EDUARD SHIFRIN,EDUARD SHIFRIN,Person
JENNIFER MERCER,JENNIFER MERCER,Person
RONALD C. LIEBERMAN,RONALD C. LIEBERMAN,Person
MARK SCHECK,MARK SCHECK,Person
SEAN CAIRNCROSS,SEAN CAIRNCROSS,Person
ANNIE DONALDSON,ANNIE DONALDSON,Person
JOSEPH HAGIN,JOSEPH HAGIN,Person
MARTIN JAJAN,MARTIN JAJAN,Person
STEPHEN A. FEINBERG,STEPHEN A. FEINBERG,Person
TOM PRICE,TOM PRICE,Person
GREGORY A. MOERSCHEL,GREGORY A. MOERSCHEL,Person
DANIEL M. MCFADDEN,DANIEL M. MCFADDEN,Person
ELTON MAMMADOV,ELTON MAMMADOV,Person
GREG KATSAS,GREG KATSAS,Person
THOMAS ULRICH BRECHBUHL,THOMAS ULRICH BRECHBUHL,Person
JOHN SITES,JOHN SITES,Person
JOSE E.B. ANTONIO,JOSE E.B. ANTONIO,Person
RHONA GRAFF RICCIO,RHONA GRAFF RICCIO,Person
BERNARD R. DIAMOND,BERNARD R. DIAMOND,Person
JOSEPH MEYER,JOSEPH MEYER,Person
CONDOLEEZA RICE,CONDOLEEZA RICE,Person
RICK PERRY,RICK PERRY,Person
JUSTIN CLARK,JUSTIN CLARK,Person
LINDSAY WALTERS,LINDSAY WALTERS,Person
NICOLAS SARKOZY,NICOLAS SARKOZY,Person
VINCE HALEY,VINCE HALEY,Person
FELIPE YARYURA,FELIPE YARYURA,Person
MOISÉS YELLATI,MOISÉS YELLATI,Person
DAVID M. FRIEDMAN,DAVID M. FRIEDMAN,Person
GEORGE SOROS,GEORGE SOROS,Person
JAMES MATTIS,JAMES MATTIS,Person
ARLENE LEVINE,ARLENE LEVINE,Person
ROSS WORTHINGTON,ROSS WORTHINGTON,Person
ARTHUR G. COHEN,ARTHUR G. COHEN,Person
ELIZABETH BILNEY,ELIZABETH BILNEY,Person
BARBAROS MURATOGL,BARBAROS MURATOGL,Person
HAL GOLDMAN,HAL GOLDMAN,Person
CHARLES P. REISS,CHARLES P. REISS,Person
ROBERT KRAFT,ROBERT KRAFT,Person
KIRILL DMITRIEV,KIRILL DMITRIEV,Person
MARK HERBERT,MARK HERBERT,Person
KALPESH MEHTA,KALPESH MEHTA,Person
Y. DAVID SCHARF,Y. DAVID SCHARF,Person
TEVFIK ARIF,TEVFIK ARIF,Person
AYDIN DOGAN,AYDIN DOGAN,Person
E.J. RIDINGS,E.J. RIDINGS,Person
GEORGE SORIAL,GEORGE SORIAL,Person
ANDREW JOBLON,ANDREW JOBLON,Person
SONJA TALESNIK,SONJA TALESNIK,Person
KELLY KEELING HAHN,KELLY KEELING HAHN,Person
PETER NAVARRO,PETER NAVARRO,Person
DARA ORBACH,DARA ORBACH,Person
KATHLEEN TROIA MCFARLAND,KATHLEEN TROIA MCFARLAND,Person
RYAN JARMULA,RYAN JARMULA,Person
GARY K. NG,GARY K. NG,Person
MILES BERGER,MILES BERGER,Person
MICHAEL D. COHEN,MICHAEL D. COHEN,Person
ALEXANDER MCMILLAN,ALEXANDER MCMILLAN,Person
WENDI DENG MURDOCH,WENDI DENG MURDOCH,Person
"ROBERT KUNOLD, JR.","ROBERT KUNOLD, JR.",Person
AUDREY SCHWARTZ,AUDREY SCHWARTZ,Person
SUSAN FALK,SUSAN FALK,Person
LAWRENCE J. MONE,LAWRENCE J. MONE,Person
VLADIMIR POTANIN,VLADIMIR POTANIN,Person
GINNI ROMETTY,GINNI ROMETTY,Person
L. BRENT BOZELL,L. BRENT BOZELL,Person
"ROGER J. STONE, JR.","ROGER J. STONE, JR.",Person
STEPHANIE GRISHAM,STEPHANIE GRISHAM,Person
SERGEI MILLIAN,SERGEI MILLIAN,Person
RONNA MCDANIEL,RONNA MCDANIEL,Person
ATUL CHORDIA,ATUL CHORDIA,Person
ANDREW WEISS,ANDREW WEISS,Person
ABE WALLACH,ABE WALLACH,Person
LEV LEVIEV,LEV LEVIEV,Person
MARTIN SORRELL,MARTIN SORRELL,Person
CARLIN AXELROD,CARLIN AXELROD,Person
SEAN SPICER,SEAN SPICER,Person
ASSI AREV,ASSI AREV,Person
MANGAL PRABHAT LODHA,MANGAL PRABHAT LODHA,Person
ERIC CANTOR,ERIC CANTOR,Person
ASHER ABEHSERA,ASHER ABEHSERA,Person
JOSEPH KELLOGG,JOSEPH KELLOGG,Person
TODD CHRISTOPHER YOUNG,TODD CHRISTOPHER YOUNG,Person
DAN SCAVINO,DAN SCAVINO,Person
RONALD HAROLD JOHNSON,RONALD HAROLD JOHNSON,Person
BRIAN BULATAO,BRIAN BULATAO,Person
EMILY CORNELL,EMILY CORNELL,Person
JEREMY KATZ,JEREMY KATZ,Person
SERGEY KISLYAK,SERGEY KISLYAK,Person
ISABELLE HERTZ,ISABELLE HERTZ,Person
F. PHILIP HANDY,F. PHILIP HANDY,Person
SYAFRIL NASUTION,SYAFRIL NASUTION,Person
CAROLYN SAKOLSKY,CAROLYN SAKOLSKY,Person
SETYA NOVANTO,SETYA NOVANTO,Person
REX TILLERSON,REX TILLERSON,Person
ARAS AGALAROV,ARAS AGALAROV,Person
DAVID THOMAS SPENCER,DAVID THOMAS SPENCER,Person
MARK BENNETT TROY,MARK BENNETT TROY,Person
CHRISTINE CICCONE,CHRISTINE CICCONE,Person
NEWT GINGRICH,NEWT GINGRICH,Person
TRICIA HOLLOWAY,TRICIA HOLLOWAY,Person
CAROLE HANKIN,CAROLE HANKIN,Person
CARTER PAGE,CARTER PAGE,Person
KATRINA PIERSON,KATRINA PIERSON,Person
MICHAEL KOVNER,MICHAEL KOVNER,Person
TATSUYA MATSUURA,TATSUYA MATSUURA,Person
MICHAEL P. MELLON,MICHAEL P. MELLON,Person
RAND PAUL,RAND PAUL,Person
RONALD ROBINSON,RONALD ROBINSON,Person
JARROD P. AGEN,JARROD P. AGEN,Person
DAVID BOSSIE,DAVID BOSSIE,Person
LAURENT MORALI,LAURENT MORALI,Person
CARL C. ICAHN,CARL C. ICAHN,Person
DONALD J. TRUMP,DONALD J. TRUMP,Person
JAMES SHERK,JAMES SHERK,Person
DIANE LOKEY FARB,DIANE LOKEY FARB,Person
MARK BURNETT,MARK BURNETT,Person
GLENN KAPLAN,GLENN KAPLAN,Person
GARY TALARICO,GARY TALARICO,Person
ROMA DOWNEY,ROMA DOWNEY,Person
THEODORE BERMAN,THEODORE BERMAN,Person
W.E.“ED” BOSARGE,W.E.“ED” BOSARGE,Person
WILBUR ROSS,WILBUR ROSS,Person
"JOHN CALVIN FLEMING, JR.","JOHN CALVIN FLEMING, JR.",Person
RICK DAVIS,RICK DAVIS,Person
SHLOMO MEICHOR,SHLOMO MEICHOR,Person
JOE HAGIN,JOE HAGIN,Person
MICHELLE BACHMANN,MICHELLE BACHMANN,Person
JOHN KYL,JOHN KYL,Person
BRIAN ASIDMAN,BRIAN ASIDMAN,Person
YOUSEF AL-OTAIBA,YOUSEF AL-OTAIBA,Person
HARVEY KROIZ,HARVEY KROIZ,Person
JANET WEINER,JANET WEINER,Person
JOHN C. PITTENGER,JOHN C. PITTENGER,Person
JULIAN DAVID WHEATLAND,JULIAN DAVID WHEATLAND,Person
ABDUL WAHID AL ULAMA,ABDUL WAHID AL ULAMA,Person
CHRISTINE FOTI,CHRISTINE FOTI,Person
LINDA TALARICO,LINDA TALARICO,Person
"JAY WILSON HAAS, JR.","JAY WILSON HAAS, JR.",Person
KEN KURSON,KEN KURSON,Person
CHRIS CHRISTIE,CHRIS CHRISTIE,Person
AVRAHM BERKOWITZ,AVRAHM BERKOWITZ,Person
BARRY BENNETT,BARRY BENNETT,Person
JANE SHALAM,JANE SHALAM,Person
PATRICK CADDELL,PATRICK CADDELL,Person
"JOSE ROBERTO ""ROBBIE"" ANTONIO","JOSE ROBERTO ""ROBBIE"" ANTONIO",Person
GERALD HERTZ,GERALD HERTZ,Person
TAMIR SAPIR,TAMIR SAPIR,Person
ILYAS KHRAPUNOV,ILYAS KHRAPUNOV,Person
BILL MCGINLEY,BILL MCGINLEY,Person
BARBARA KROIZ,BARBARA KROIZ,Person
ALAN JOHN ROGERS,ALAN JOHN ROGERS,Person
ROBERT FALK,ROBERT FALK,Person
THOMAS J BASILE,THOMAS J BASILE,Person
JOSEPH HANKIN,JOSEPH HANKIN,Person
TIMOTHY PATAKI,TIMOTHY PATAKI,Person
FELIX SATER,FELIX SATER,Person
SUSAN POMPEO,SUSAN POMPEO,Person
VIKTOR TKACHUK,VIKTOR TKACHUK,Person
RICK DEARBORN,RICK DEARBORN,Person
JOSEPH SITT,JOSEPH SITT,Person
ROBERT MERCER,ROBERT MERCER,Person
JEAN DOYEN DE MONTAILLOU,JEAN DOYEN DE MONTAILLOU,Person
TUCKER CARLSON,TUCKER CARLSON,Person
JAMES UTHMEIER,JAMES UTHMEIER,Person
MARI ARREDONDO,MARI ARREDONDO,Person
SARAH MAKIN,SARAH MAKIN,Person
LUCIUS JOSEPH RICCIO,LUCIUS JOSEPH RICCIO,Person
KEYUMARS DARVISHI,KEYUMARS DARVISHI,Person
VICTOR PINCHUK,VICTOR PINCHUK,Person
FRANK FOTI,FRANK FOTI,Person
JUSTIN WENIGER,JUSTIN WENIGER,Person
DIANNA BALABON,DIANNA BALABON,Person
"CHARLES R. BLACK, JR.","CHARLES R. BLACK, JR.",Person
RAJ SHAH,RAJ SHAH,Person
SCOTT MILLER,SCOTT MILLER,Person
CLIFFORD LANE,CLIFFORD LANE,Person
PHILLIP NEUMAN,PHILLIP NEUMAN,Person
BLAKE DELAPLANE,BLAKE DELAPLANE,Person
DAVID BRUCE VITTER,DAVID BRUCE VITTER,Person
STEVEN LEVINE,STEVEN LEVINE,Person
DAVID J. COONEY,DAVID J. COONEY,Person
JAMIE DIMON,JAMIE DIMON,Person
SERYL KUSHNER,SERYL KUSHNER,Person
SUSAN MILLER,SUSAN MILLER,Person
LAWRENCE ROLNICK,LAWRENCE ROLNICK,Person
MICHAEL BURNS NEILSON,MICHAEL BURNS NEILSON,Person
RICHARD BRUDNER,RICHARD BRUDNER,Person
BRIAN BAUDREAU,BRIAN BAUDREAU,Person
PHILIP NICOZISIS,PHILIP NICOZISIS,Person
SYLVAIN MIROCHNIKOFF,SYLVAIN MIROCHNIKOFF,Person
BOBBY BURCHFIELD,BOBBY BURCHFIELD,Person
TIM MOL,TIM MOL,Person
ROBERT BERG,ROBERT BERG,Person
MICHAEL PETER WALE,MICHAEL PETER WALE,Person
KATHY CARR,KATHY CARR,Person
BOB PERKINS,BOB PERKINS,Person
ERIC HOLCOMB,ERIC HOLCOMB,Person
THOMAS E. WHEELER,THOMAS E. WHEELER,Person
LARRY GLICK,LARRY GLICK,Person
THOMAS PYLE,THOMAS PYLE,Person
KIRK WICKSTROM,KIRK WICKSTROM,Person
ANDELIZ CASTILLO,ANDELIZ CASTILLO,Person
TIAH JOO KIM,TIAH JOO KIM,Person
JOHN EISENBERG,JOHN EISENBERG,Person
MICHAEL MURRAY,MICHAEL MURRAY,Person
KENNETH JOHN MILLAR,KENNETH JOHN MILLAR,Person
MICHAEL J. ELLIS,MICHAEL J. ELLIS,Person
CAROL GLAZER,CAROL GLAZER,Person
KATHLEEN FUCHS,KATHLEEN FUCHS,Person
DEBORAH ROBINSON,DEBORAH ROBINSON,Person
JOSEPH I. LIEBERMAN,JOSEPH I. LIEBERMAN,Person
RYAN ADDISON WILLIAMS,RYAN ADDISON WILLIAMS,Person
DONALD TRUMP JR.,DONALD TRUMP JR.,Person
EDWIN MEESE,EDWIN MEESE,Person
ANDREA SCHLOSSBERG,ANDREA SCHLOSSBERG,Person
ANDREW BROWN,ANDREW BROWN,Person
ABDUL RAHMAN AL-ASSIR,ABDUL RAHMAN AL-ASSIR,Person
MARTIN SCHWARTZ,MARTIN SCHWARTZ,Person
IGOR SECHIN,IGOR SECHIN,Person
JEN PAVLIK,JEN PAVLIK,Person
LEONARD LEO,LEONARD LEO,Person
DAVID K. BEECKEN,DAVID K. BEECKEN,Person
JEFF GREENE,JEFF GREENE,Person
LIZEBETH KYPRISLIDIS,LIZEBETH KYPRISLIDIS,Person
RICHARD ARON,RICHARD ARON,Person
LARA LEE YUNASKA,LARA LEE YUNASKA,Person
TAKASHI NIINO,TAKASHI NIINO,Person
JAMES H. HEALY,JAMES H. HEALY,Person
JENNIFER KORN,JENNIFER KORN,Person
HITOSHI MATSUURA,HITOSHI MATSUURA,Person
HEIDI HOROWITZ,HEIDI HOROWITZ,Person
REINCE PRIEBUS,REINCE PRIEBUS,Person
SHANNON MCGAHN,SHANNON MCGAHN,Person
KIMBERLY SORRENTINO,KIMBERLY SORRENTINO,Person
ANITA THIGPEN PERRY,ANITA THIGPEN PERRY,Person
MICHAEL POMPEO,MICHAEL POMPEO,Person
THOMAS M. SPARICO,THOMAS M. SPARICO,Person
COREY LEWANDOWSKI,COREY LEWANDOWSKI,Person
MARK PASQUERELLA,MARK PASQUERELLA,Person
BOB PADUCHIK,BOB PADUCHIK,Person
MICHELLE CARLSON,MICHELLE CARLSON,Person
JANE SHIPMAN,JANE SHIPMAN,Person
ROBERTA BRUDNER,ROBERTA BRUDNER,Person
PETER SCHWEIZER,PETER SCHWEIZER,Person
TOM BOSSERT,TOM BOSSERT,Person
XAVIER DEU,XAVIER DEU,Person
WILLIAM G. PETTY JR.,WILLIAM G. PETTY JR.,Person
JOYCE GRIME,JOYCE GRIME,Person
NIGEL OAKES,NIGEL OAKES,Person
KONSTANTIN V. KILIMNIK,KONSTANTIN V. KILIMNIK,Person
DAVID HAMAMOTO,DAVID HAMAMOTO,Person
CAROLINE MAY,CAROLINE MAY,Person
DAVID HOROWITZ,DAVID HOROWITZ,Person
ROBERT COTTER,ROBERT COTTER,Person
CURTIS DUBAY,CURTIS DUBAY,Person
ROBERT LIGHTHIZER,ROBERT LIGHTHIZER,Person
RICK GATES,RICK GATES,Person
JOSE GARCIA,JOSE GARCIA,Person
PAUL GERVAIS,PAUL GERVAIS,Person
NIGEL FARAGE,NIGEL FARAGE,Person
ROBERT F. GRIFFIN,ROBERT F. GRIFFIN,Person
PAULA LEED,PAULA LEED,Person
DINA POWELL,DINA POWELL,Person
GIORGI RAMISHVILI,GIORGI RAMISHVILI,Person
DAN SULLIVAN,DAN SULLIVAN,Person
ELAINE CHAO,ELAINE CHAO,Person
JULIA HAHN,JULIA HAHN,Person
LINDA MCMAHON,LINDA MCMAHON,Person
JULIA SHEN,JULIA SHEN,Person
GARRETT MURCH,GARRETT MURCH,Person
JOSH PITCOCK,JOSH PITCOCK,Person
DAVID H. KOCH,DAVID H. KOCH,Person
MARGARET CHIN,MARGARET CHIN,Person
KEVIN MARINO,KEVIN MARINO,Person
JEFF WAGONER,JEFF WAGONER,Person
ALEXANDER TIMOFEEV,ALEXANDER TIMOFEEV,Person
VLADIMIR PUTIN,VLADIMIR PUTIN,Person
HAMZA ALI ABDULLATIF MUSTAFA,HAMZA ALI ABDULLATIF MUSTAFA,Person
STEPHANIE WINSTON WOLKOFF,STEPHANIE WINSTON WOLKOFF,Person
EDWIN FEULNER,EDWIN FEULNER,Person
PAUL MANAFORT,PAUL MANAFORT,Person
RINAT AKHMETOV,RINAT AKHMETOV,Person
MATTHEW GRISWOLD BEVIN,MATTHEW GRISWOLD BEVIN,Person
MUKEMMEL SARIMSAKCI,MUKEMMEL SARIMSAKCI,Person
JOHN MCENTEE,JOHN MCENTEE,Person
CHRISTOPHER RUDDY,CHRISTOPHER RUDDY,Person
WHITNEY SCHNEIDER,WHITNEY SCHNEIDER,Person
ANGELA CHAO,ANGELA CHAO,Person
ELON MUSK,ELON MUSK,Person
PAULO FIGUEIREDO FILHO,PAULO FIGUEIREDO FILHO,Person
JOSHUA KUSHNER,JOSHUA KUSHNER,Person
MURRAY KUSHNER,MURRAY KUSHNER,Person
RICK SNYDER,RICK SNYDER,Person
PHIL RUFFIN,PHIL RUFFIN,Person
RAUL BERNL-MORA,RAUL BERNL-MORA,Person
BRIAN BURNS,BRIAN BURNS,Person
OLEG DERIPASKA,OLEG DERIPASKA,Person
TIFFANY ISAACS,TIFFANY ISAACS,Person
KATIE WALSH,KATIE WALSH,Person
ASHLEY MARQUIS,ASHLEY MARQUIS,Person
STEVES RODRIGUEZ,STEVES RODRIGUEZ,Person
JOYCE MEYER,JOYCE MEYER,Person
IVANKA TRUMP,IVANKA TRUMP,Person
MICA MOSBACHER,MICA MOSBACHER,Person
BEN HOWARD,BEN HOWARD,Person
TRAVIS KALANICK,TRAVIS KALANICK,Person
MICHAEL FASCITELLI,MICHAEL FASCITELLI,Person
ANNA MARIA LEDERMANN,ANNA MARIA LEDERMANN,Person
MIKE FERGUSON,MIKE FERGUSON,Person
WILLIAM P. FOLEY,WILLIAM P. FOLEY,Person
WU XIAOHUI,WU XIAOHUI,Person
DAVID MORRELL,DAVID MORRELL,Person
AARON SCHOCK,AARON SCHOCK,Person
ESTHER KUSHNER,ESTHER KUSHNER,Person
SAM CLOVIS,SAM CLOVIS,Person
PRINCE ALWALEED BIN TALALTHE,PRINCE ALWALEED BIN TALALTHE,Person
DMITRY FIRTASH,DMITRY FIRTASH,Person
ALEXANDER ACOSTA,ALEXANDER ACOSTA,Person
RYAN ZINKE,RYAN ZINKE,Person
MEHMET ALI YALCINDAG,MEHMET ALI YALCINDAG,Person
RUSSELL FLICKER,RUSSELL FLICKER,Person
MELANIA TRUMP,MELANIA TRUMP,Person
MICHIHIRO CHIKUBU,MICHIHIRO CHIKUBU,Person
EMIN AGALAROV,EMIN AGALAROV,Person
JENNIFER ZELMAN,JENNIFER ZELMAN,Person
BILL STEPIEN,BILL STEPIEN,Person
PETER DAVIS,PETER DAVIS,Person
LINDSEY REYNOLDS,LINDSEY REYNOLDS,Person
STEPHEN B. MEISTER,STEPHEN B. MEISTER,Person
ANDREW GREENBAUM,ANDREW GREENBAUM,Person
MIKHAIL MORGULIS,MIKHAIL MORGULIS,Person
CHRISTL MAHFOUZ,CHRISTL MAHFOUZ,Person
NICOLE KUSHNER MEYER,NICOLE KUSHNER MEYER,Person
STEPHEN MILLER,STEPHEN MILLER,Person
H. B. HICKS,H. B. HICKS,Person
ANDY WIGMORE,ANDY WIGMORE,Person
JO ALLEN PATTON,JO ALLEN PATTON,Person
BONNIE HAYDON,BONNIE HAYDON,Person
MICHAEL SEXTON,MICHAEL SEXTON,Person
LAETITIA KOCH,LAETITIA KOCH,Person
KATHRYN TALENTO,KATHRYN TALENTO,Person
RICHARD SCHMIDT,RICHARD SCHMIDT,Person
WILLIAM I. KOCH,WILLIAM I. KOCH,Person
HOWARD RUBENSTEIN,HOWARD RUBENSTEIN,Person
REED S. CORDISH,REED S. CORDISH,Person
MICHAEL KENDALL,MICHAEL KENDALL,Person
ROBERT ZELMAN,ROBERT ZELMAN,Person
MATTHEW CALAMARI,MATTHEW CALAMARI,Person
STEFAAN HAEGEMAN,STEFAAN HAEGEMAN,Person
SOPHIA BARATASHVILI,SOPHIA BARATASHVILI,Person
SARA MARTENS,SARA MARTENS,Person
VANESSA TRUMP,VANESSA TRUMP,Person
BRIAN HARRIS,BRIAN HARRIS,Person
RYAN DOHERTY,RYAN DOHERTY,Person
JAMES ROBERT WILL,JAMES ROBERT WILL,Person
BRITTANY HEBERT,BRITTANY HEBERT,Person
JAMES BURNHAM,JAMES BURNHAM,Person
ELENA GORLOVA,ELENA GORLOVA,Person
JEREMY BLACKBURN,JEREMY BLACKBURN,Person
AVRAM LEBOR,AVRAM LEBOR,Person
LAETITIA RITTMEISTER,LAETITIA RITTMEISTER,Person
ABIGAIL KLEM,ABIGAIL KLEM,Person
MITT ROMNEY,MITT ROMNEY,Person
THEODORE WILLIAM DARNELL,THEODORE WILLIAM DARNELL,Person
CLIFF SIMS,CLIFF SIMS,Person
HARY TANOESOEDIBJO,HARY TANOESOEDIBJO,Person
SHAHIRA KNIGHT,SHAHIRA KNIGHT,Person
JEFF SESSIONS,JEFF SESSIONS,Person
WELLS GRIFFITH,WELLS GRIFFITH,Person
JASON D. GREENBLATT,JASON D. GREENBLATT,Person
MARC SOLOMON,MARC SOLOMON,Person
JASON D. MEISTER,JASON D. MEISTER,Person
SAM BROWNBACK,SAM BROWNBACK,Person
SAM NUNBERG,SAM NUNBERG,Person
ROGER MICHAEL GABB,ROGER MICHAEL GABB,Person
JOHN F. KELLY,JOHN F. KELLY,Person
SCOTT PRUITT,SCOTT PRUITT,Person
KATHLEEN M. MCSWEENEY,KATHLEEN M. MCSWEENEY,Person
RICHARD HOROWITZ,RICHARD HOROWITZ,Person
HEATHER RINKUS,HEATHER RINKUS,Person
ALEXANDER ANGELSON,ALEXANDER ANGELSON,Person
ANDREW BREMBERG,ANDREW BREMBERG,Person
HELEN FERRE,HELEN FERRE,Person
THOMAS FUCHS,THOMAS FUCHS,Person
CHEN SITING AKA CHARLYNE CHEN,CHEN SITING AKA CHARLYNE CHEN,Person
PETER HOLT,PETER HOLT,Person
EDUARD KHUDAYNATOV,EDUARD KHUDAYNATOV,Person
MICHAEL J. BOCCIO,MICHAEL J. BOCCIO,Person
BETSY DEVOS,BETSY DEVOS,Person
ASHLEY THOMPSON SIDMAN,ASHLEY THOMPSON SIDMAN,Person
MICHAEL MUELLER,MICHAEL MUELLER,Person
TREVOR DRINKWATER,TREVOR DRINKWATER,Person
JARED KUSHNER,JARED KUSHNER,Person
MICHAEL FLYNN,MICHAEL FLYNN,Person
OLEG MISERVA,OLEG MISERVA,Person
DAN COATS,DAN COATS,Person
ANNIE VELTRI,ANNIE VELTRI,Person
GEORGE E. NORCROSS III,GEORGE E. NORCROSS III,Person
MIKE BASELICE,MIKE BASELICE,Person
IAN ALISTAIR HUMPHRIES RUSS,IAN ALISTAIR HUMPHRIES RUSS,Person
RUSS VOUGHT,RUSS VOUGHT,Person
HOWIE CARR,HOWIE CARR,Person
MALLORY HUNTER,MALLORY HUNTER,Person
THOMAS J. BARRACK JR.,THOMAS J. BARRACK JR.,Person
TERRY BRANSTAD,TERRY BRANSTAD,Person
UTTAM DHILLON,UTTAM DHILLON,Person
SHAWN MCCABE,SHAWN MCCABE,Person
EDWARD ROBINSON,EDWARD ROBINSON,Person
INDRA NOOYI,INDRA NOOYI,Person
"MATTHEW CALAMARI, JR.","MATTHEW CALAMARI, JR.",Person
SONNY PERDUE,SONNY PERDUE,Person
ERIC DANZIGER,ERIC DANZIGER,Person
DANIEL BOUAZIZ,DANIEL BOUAZIZ,Person
GRACE MURDOCH,GRACE MURDOCH,Person
BILL BELICHICK,BILL BELICHICK,Person
DANIEL STEINMETZ,DANIEL STEINMETZ,Person
ERIC UELAND,ERIC UELAND,Person
VIKTOR F. YANUKOVYCH,VIKTOR F. YANUKOVYCH,Person
PAVEL FUKS,PAVEL FUKS,Person
ANAND PATEL,ANAND PATEL,Person
MADHUKAR TULSI,MADHUKAR TULSI,Person
ALLEN WEISSELBERG,ALLEN WEISSELBERG,Person
JEB BUSH,JEB BUSH,Person
ANDRIY ZAIKA,ANDRIY ZAIKA,Person
AJIT PAI,AJIT PAI,Person
MARTIN SCHLOSSBERG,MARTIN SCHLOSSBERG,Person
ROBERT GOAD,ROBERT GOAD,Person
ROB SPEYER,ROB SPEYER,Person
ARTHUR LEVINE,ARTHUR LEVINE,Person
ROBERT SHIPMAN,ROBERT SHIPMAN,Person
REGINALD J. BROWN,REGINALD J. BROWN,Person
MARC E. KASOWITZ,MARC E. KASOWITZ,Person
ROBERT SOMMER,ROBERT SOMMER,Person
SEAN HANNITY,SEAN HANNITY,Person
DAVID WILDSTEIN,DAVID WILDSTEIN,Person
ALEXANDER NOVAK,ALEXANDER NOVAK,Person
RICHARD DEVOS,RICHARD DEVOS,Person
DAVID SHULKIN,DAVID SHULKIN,Person
ALEXANDER MASHKEVICH,ALEXANDER MASHKEVICH,Person
DANIEL RIDLOFF,DANIEL RIDLOFF,Person
STEPHEN A. SCHWARZMAN,STEPHEN A. SCHWARZMAN,Person
KELLYANNE CONWAY,KELLYANNE CONWAY,Person
KENNETH CHARLES ROSE,KENNETH CHARLES ROSE,Person
ERIK PRINCE,ERIK PRINCE,Person
ADO MACHIDA,ADO MACHIDA,Person
GIL COHEN,GIL COHEN,Person
JIM MCGREEVEY,JIM MCGREEVEY,Person
DAVID MURFIN,DAVID MURFIN,Person
STEVEN N. CHEUNG,STEVEN N. CHEUNG,Person
CHRISTOPHER JOHN ROUSE,CHRISTOPHER JOHN ROUSE,Person
SAGAR CHORDIA,SAGAR CHORDIA,Person
ANNE-MARIE DONOGHUE,ANNE-MARIE DONOGHUE,Person
PETER G. KELLY,PETER G. KELLY,Person
LEIB WALDMAN,LEIB WALDMAN,Person
JORGE PEREZ,JORGE PEREZ,Person
